{"is_source_file": true, "format": "JavaScript (React JSX)", "description": "This file defines a React functional component 'App' that manages a theme toggle between light and dark modes. It uses React hooks 'useState' and 'useEffect' to handle theme state and side effects, rendering UI elements including a button to toggle theme, an image logo, and some informational text.", "external_files": ["./logo.svg", "./App.css"], "external_methods": [], "published": ["App"], "classes": [], "methods": [{"name": "toggleTheme", "description": "Function to switch the theme state between 'light' and 'dark'."}, {"name": "App()", "scope": "", "scopeKind": "", "description": "unavailable"}], "calls": ["React.useState", "React.useEffect", "document.documentElement.setAttribute", "setTheme", "prevTheme => prevTheme === 'light' ? 'dark' : 'light'", "React.createElement", "React.Fragment"], "search-terms": ["React", "useState", "useEffect", "theme toggle", "App component", "React front-end", "JSX", "React hooks"], "state": 2, "file_id": 9, "knowledge_revision": 14, "git_revision": "2b2293570e314f856e14c09cf3509332020ac619", "ctags": [{"_type": "tag", "name": "App", "path": "/home/kavia/workspace/code-generation/smart-project-management-suite-66-77/react_frontend/src/App.js", "pattern": "/^function App() {$/", "language": "JavaScript", "kind": "function", "signature": "()"}, {"_type": "tag", "name": "Switch to ${theme === 'light' ? 'dark' : 'light'} mode", "path": "/home/kavia/workspace/code-generation/smart-project-management-suite-66-77/react_frontend/src/App.js", "pattern": "/^          aria-label={`Switch to ${theme === 'light' ? 'dark' : 'light'} mode`}$/", "language": "JavaScript", "kind": "field", "scope": "App.aria", "scopeKind": "class"}, {"_type": "tag", "name": "toggleTheme", "path": "/home/kavia/workspace/code-generation/smart-project-management-suite-66-77/react_frontend/src/App.js", "pattern": "/^          onClick={toggleTheme}$/", "language": "JavaScript", "kind": "field", "scope": "App.onClick", "scopeKind": "class"}], "hash": "b55dd9e6a018e59207d8e277dffd9e11", "format-version": 4, "code-base-name": "react_frontend", "filename": "react_frontend/src/App.js", "fields": [{"name": "aria-label={`Switch to ${theme === 'light' ? 'dark' : 'light'} mode`}", "scope": "App.aria", "scopeKind": "class", "description": "unavailable"}, {"name": "onClick={toggleTheme}", "scope": "App.onClick", "scopeKind": "class", "description": "unavailable"}], "revision_history": [{"14": "2b2293570e314f856e14c09cf3509332020ac619"}]}